,Date,Close,Volume,Change,TR,ATR_14,posneg,neg,pos,neu,compound,count,기관 매수,기관 매도,외국인 매수,외국인 매도,개인 매수,개인 매도,개인매수비율(%),개인매수비율증가(%p),개인매도비율(%),개인매도비율증가(%p),개인 순매수비율,기관 순매수비율,외국인 순매수비율
0,2019-12-02,50400,18877252,0.001988071570576455,1000.0,971.4285714285713,,,,,,,17335,10240,18659,28692,28007,25069,43.760253746035225,15.981720741549175,39.1697004734301,-8.403756112902023,4.590553272605115,11.085764284933047,-15.676317557538164
1,2019-12-03,49900,12059812,-0.009920634920634884,900.0,992.8571428571428,,,,,,,16857,9710,20332,17286,14304,24497,27.77853300448605,-7.8247386384984186,47.57345658633213,13.596011599575286,-19.794923581846078,13.87955644456528,5.9153671372807946
2,2019-12-04,49450,13246549,-0.009018036072144242,900.0,992.8571428571428,-0.8,0.0,0.3518,0.6482,0.65516,5.0,15520,14167,23138,25467,21373,20397,35.60327164298446,0.8633756271283133,33.977444986756836,-37.71847320472335,1.6258266562276158,2.253835518315537,-3.879662174543153
3,2019-12-05,49500,10449715,0.0010111223458038054,950.0,982.1428571428572,0.0,0.0,0.0,1.0,0.0,1.0,22397,4613,23041,15094,24188,49919,34.73989601585615,-13.669459764580715,71.69591819148019,39.67533270517113,-36.95602217562405,25.54218251802488,11.413839657599173
4,2019-12-06,50400,11414563,0.01818181818181808,1400.0,1039.2857142857142,,,,,,,28038,37111,16672,21802,41953,27750,48.40935578043686,-10.518905603826418,32.02058548630904,-2.3760682900306382,16.38877029412783,-10.469289085307457,-5.919481208820372
5,2019-12-09,51200,8470627,0.015873015873015817,1000.0,1053.5714285714287,-1.0,0.406,0.0315,0.5625,-0.7634,2.0,12410,16506,13611,25057,37334,21792,58.92826138426328,20.21433546176045,34.396653776339676,-33.603993188701104,24.531607607923608,-6.465156656933154,-18.06645095099045
6,2019-12-10,51500,6882771,0.005859375,900.0,1010.7142857142856,,,,,,,8876,8751,17648,5098,16755,29430,38.71392592250283,7.2700568359812925,68.00064696504077,28.94026789913157,-29.286721042537952,0.2888236789204926,28.997897363617447
7,2019-12-11,51900,11379521,0.007766990291262044,800.0,960.7142857142856,0.0,0.0,0.1596666666666667,0.8403333333333333,0.28876666666666667,3.0,12123,8948,15150,15295,12509,15539,31.44386908652154,11.90476950979744,39.06037906590921,4.296173670210378,-7.616509979387662,7.980996430546478,-0.3644864511588156
8,2019-12-12,53300,29178697,0.026974951830443183,1400.0,1010.7142857142856,,,,,,,38358,34995,36918,26037,18280,32524,19.5390995767241,-18.682364505783447,34.76420539569883,-29.629164373230658,-15.225105818974733,3.59463850528026,11.630467313694473
9,2019-12-13,54700,18120261,0.026266416510319024,1500.0,1046.4285714285713,,,,,,,26960,8146,28089,23582,34058,57379,38.221464082507545,4.943654646367334,64.39336976892949,13.147734970057499,-26.171905686421947,21.11394166563794,5.057964020784
10,2019-12-16,54700,11512405,0.0,600.0,1010.7142857142856,,,,,,,27229,6133,18435,27234,22775,35072,33.27780943614021,-3.6405878504989104,51.245634798872004,4.539757196212463,-17.967825362731773,30.824529873317854,-12.856704510586074
11,2019-12-17,56700,19358433,0.03656307129798897,2000.0,1103.5714285714287,,,,,,,19403,17882,27466,21715,27430,34702,36.91839728663912,-4.994030443695571,46.70587760265954,-0.8223672390102337,-9.787480316020405,2.0471338779795154,7.740346438040889
12,2019-12-18,56300,15558208,-0.007054673721340388,1200.0,1125.0,,,,,,,16530,17569,27275,22001,31607,35842,41.912427730334684,8.74891364878782,47.52824484166976,-9.621818210032638,-5.615817111335066,-1.3777648119662649,6.993581923301331
13,2019-12-19,56000,14180520,-0.005328596802841923,1800.0,1167.857142857143,0.0,0.268,0.0,0.732,-0.6597,1.0,20391,10615,19360,14870,19724,33990,33.16351408154687,8.658144563480956,57.150063051702396,-4.568976254227884,-23.98654897015553,16.437158469945356,7.549390500210173
14,2019-12-20,56000,12095519,0.0,900.0,1160.7142857142858,,,,,,,23998,10566,33085,18379,18529,46667,24.505369518065915,-21.538459239167032,61.71903930593028,-29.171612152084922,-37.21366978786436,17.764376024969582,19.44929376289478
15,2019-12-23,55500,9839252,-0.008928571428571397,1300.0,1189.2857142857142,0.25,0.029249999999999998,0.0645,0.90625,0.105375,4.0,83572,10182,124183,24893,177289,349969,46.04382875723293,-22.623671915037928,90.8906514580152,15.992661255632438,-44.84682270078226,19.06015935841099,25.786663342371263
16,2019-12-24,55000,11868463,-0.009009009009009028,900.0,1189.2857142857142,-0.6666666666666666,0.0,0.2363333333333333,0.7636666666666666,0.5499833333333333,6.0,39427,9703,14171,33237,117464,128122,68.66750067227088,18.280663859434046,74.89799020238276,-11.171590324803176,-6.230489530111889,17.376156013609098,-11.145666483497212
17,2019-12-26,55400,9645034,0.007272727272727319,1000.0,1192.857142857143,-1.0,0.0,0.316,0.684,0.5719,1.0,58733,2263,10588,17201,70402,120259,50.38683681283682,-14.338942903531946,86.06958052718593,13.092710353386565,-35.68274371434911,40.41567959462651,-4.732935880277406
18,2019-12-27,56500,12313056,0.019855595667870096,1500.0,1200.0,-0.5,0.0,0.0745,0.9255,0.1366,2.0,32292,41258,46233,18899,144088,162456,64.72577971636878,-7.382690995662088,72.97687017379937,24.2644300942951,-8.251090457430609,-4.027617434741008,12.278707892171614
19,2019-12-30,55800,8356767,-0.012389380530973493,900.0,1192.857142857143,0.0,0.0,0.0,1.0,0.0,1.0,15797,24441,22372,45745,98679,66662,72.10847071203088,-5.995721159119199,48.71244007950427,9.771166910619606,23.396030632526607,-6.316497135508009,-17.07953349701859
20,2020-01-02,55200,12993228,-0.010752688172043,1000.0,1200.0,,,,,,,12508,49469,11201,16646,84572,42166,78.10419187115006,8.982957722050628,38.941273168884656,-21.40764856603174,39.162918702265394,-34.13433566368985,-5.028583038575559
21,2020-01-03,55500,15422255,0.005434782608695564,1700.0,1264.2857142857142,0.0,0.0,0.259,0.741,0.4215,1.0,12090,34078,26141,15014,85579,74718,69.12123414909944,-1.3042594594944603,60.3489217349164,-0.8045320249107561,8.772312414183023,-17.759470155884017,8.987157741700994
22,2020-01-06,55500,10278951,0.0,1000.0,1235.7142857142858,,,,,,,13856,21890,15712,16948,70410,61140,70.4254936085939,14.828038702283699,61.15345375982716,9.555765358683033,9.272039848766733,-8.035767868931165,-1.236271979835564
23,2020-01-07,55800,10009778,0.00540540540540535,900.0,1192.857142857143,,,,,,,11493,15663,26540,25796,47622,44196,55.59745490631021,-19.252840554516574,51.59768840114413,-24.895079718040428,3.9997665051660736,-4.868367287373767,0.8686007822076937
24,2020-01-08,56800,23501171,0.017921146953405076,1600.0,1264.2857142857142,,,,,,,15928,19043,22291,16680,113747,116243,74.85029546082677,15.969632631268652,76.49276811918455,12.088525638679528,-1.6424726583577909,-2.049800613295079,3.6922732716528697
25,2020-01-09,58600,24102579,0.031690140845070484,1800.0,1250.0,,,,,,,19216,11423,16219,19252,50741,55501,58.880662829558105,9.572660201651267,64.40424248050503,-20.625375767158914,-5.523579650946901,9.043121054585962,-3.519541403639064
26,2020-01-10,59500,16000170,0.015358361774743924,1400.0,1264.2857142857142,,,,,,,33208,15787,60155,11785,90814,156605,49.308002627906845,-7.131055566159319,85.02961824766393,25.70019567590845,-35.72161561975708,9.458835793828763,26.26277982592832
27,2020-01-13,60000,11359139,0.008403361344537784,900.0,1200.0,0.3333333333333333,0.0,0.22233333333333336,0.7776666666666667,0.4074333333333333,3.0,17788,11777,36272,38696,70042,73629,56.43905819406617,-13.995336867428088,59.329422571755494,5.30930062631802,-2.89036437768932,4.843596396512546,-1.9532320188232255
28,2020-01-14,60000,16906295,0.0,1100.0,1214.2857142857142,0.0,0.0,0.23399999999999999,0.766,0.5056666666666666,3.0,9361,16307,21818,32182,74278,56968,70.43439506149427,10.820044847153817,54.02012194543747,-1.0221756536236697,16.41427311605678,-6.586570829816893,-9.827702286239886
29,2020-01-15,59000,14300928,-0.01666666666666672,1100.0,1200.0,0.0,0.0,0.204,0.7959999999999999,0.3182,1.0,9162,11030,15615,16552,36574,33769,59.61435021434044,7.800214503449865,55.042297599061136,0.34455752675497564,4.5720526152792935,-3.044775146289384,-1.5272774689899105
30,2020-01-16,60700,14381774,0.028813559322034,1700.0,1257.142857142857,0.0,0.0,0.0,1.0,0.0,7.0,19484,11679,13970,19773,35973,37975,51.81413571089058,-2.4952491717427208,54.697740072306175,1.5137690539402369,-2.8836043614155877,11.242023996427903,-8.358419635012313
31,2020-01-17,61300,16025661,0.009884678747940743,1300.0,1278.5714285714287,-1.0,0.243,0.139,0.618,-0.2542,2.0,11581,13146,19193,18386,36579,35821,54.309384882633296,-7.709809555513758,53.18397101836592,-14.655521160278376,1.1254138642673674,-2.3235787566997756,1.1981648924324084
32,2020-01-20,62400,12528855,0.01794453507340954,1500.0,1278.5714285714287,,,,,,,17640,7181,7490,14098,41035,44886,62.019194438147046,-2.1215516755478205,67.83949217864429,1.542611178516296,-5.820297740497241,15.807451069296455,-9.987153328799216
33,2020-01-21,61400,11142693,-0.01602564102564108,1200.0,1300.0,0.0,0.0,0.0,1.0,0.0,1.0,13891,9871,11322,13826,45098,46614,64.14074611369487,21.233744126486485,66.29688100012801,-21.368510958636023,-2.1561348864331333,5.717455305713187,-3.5613204192800563
34,2020-01-22,62300,15339565,0.014657980456026062,2200.0,1385.7142857142858,-0.7,0.032799999999999996,0.27990000000000004,0.6872999999999999,0.48505000000000004,10.0,29610,5404,72957,16755,77082,157490,42.90700198720839,-7.421482559993732,87.66539195876403,7.601359705480903,-44.75838997155565,13.474052179527858,31.284337792027788
35,2020-01-23,60800,14916555,-0.024077046548956704,1600.0,1378.571428571429,0.0,0.0701578947368421,0.13547368421052633,0.7943684210526317,0.04315789473684212,19.0,58270,48958,159554,38467,220705,351104,50.32848454720212,-8.754329622375401,80.06403225328313,9.189587607491331,-29.735547706081014,2.12346275844927,27.61208494763175
36,2020-01-28,58800,23664541,-0.03289473684210531,2500.0,1485.7142857142858,0.0,0.134,0.15333333333333335,0.7126666666666667,0.018233333333333362,3.0,30525,30780,100437,62441,189104,226845,59.082814169577524,7.650244336829362,70.8744446457918,18.015806810096127,-11.79163047621428,-0.07967106784225754,11.871301544056534
37,2020-01-29,59100,16446102,0.005102040816326482,900.0,1485.7142857142858,,,,,,,13739,25956,64694,50174,83060,85363,51.43256983274817,-10.232054426105364,52.85863783569567,-20.449567692421482,-1.426068002947496,-7.56503377855387,8.991101781501365
38,2020-01-30,57200,20821939,-0.032148900169204686,2300.0,1535.7142857142858,0.0,0.0,0.0,1.0,0.0,2.0,18460,22678,43480,20449,99634,118447,61.66462425885353,8.007526789206423,73.30820552811714,9.525157757777867,-11.643581269263619,-2.6105685320658027,14.254149801329422
39,2020-01-31,56400,19749457,-0.013986013986013957,2000.0,1550.0,0.0,0.0,0.0,1.0,0.0,2.0,16807,12742,44456,35135,70932,84318,53.65709746964711,-4.151796524785091,63.78304777033927,-2.9907318150768063,-10.12595030069216,3.0750028367184843,7.050947463973674
40,2020-02-03,57200,23995260,0.014184397163120588,2200.0,1607.142857142857,0.0,0.0,0.0,1.0,0.0,1.0,20109,33795,61427,30416,111718,129043,57.80889399443221,7.331243120207716,66.77377958541608,0.3283128623478291,-8.964885590983886,-7.0818715265919465,16.046757117575833
41,2020-02-04,58900,21800192,0.0297202797202798,2200.0,1700.0,,,,,,,9381,26180,46813,11895,57278,75397,50.47765087422447,-12.531987452049153,66.44546672306825,5.814403353963449,-15.967815848843768,-14.804533276931751,30.77234912577552
42,2020-02-05,59500,19278165,0.01018675721561979,1300.0,1714.2857142857142,,,,,,,8851,22845,26342,14611,59948,57685,63.00963832627363,-3.219817104332506,60.631063369104794,-28.63580312723725,2.378574957168833,-14.708695515077622,12.330120557908788
43,2020-02-06,61100,14727159,0.026890756302520916,1600.0,1750.0,-1.0,0.0,0.0,1.0,0.0,1.0,20557,8084,80165,23928,197532,266242,66.22945543060614,-2.3270242691441747,89.26686649634205,25.802545000182644,-23.03741106573592,4.182005941244712,18.855405124491206
44,2020-02-07,60400,16402493,-0.011456628477905071,1500.0,1735.7142857142858,-1.0,0.0,0.0,1.0,0.0,2.0,10978,14099,28566,31849,86218,79814,68.55647969975031,4.334437560366196,63.464321496159414,-12.860376574630578,5.092158203590911,-2.481671729139168,-2.6104864744517418
45,2020-02-10,59700,13107121,-0.011589403973509936,1300.0,1735.7142857142858,0.0,0.0,0.0,1.0,0.0,2.0,19452,11862,35294,24365,98270,116789,64.2220421393841,-10.563172178100727,76.32469807078999,-0.5533598452621646,-12.102655931405867,4.960265593140587,7.1423903382652805
46,2020-02-11,59900,11071231,0.003350083752093891,1000.0,1700.0,0.0,0.0,0.0,1.0,0.0,2.0,12563,10637,30521,28871,127784,131360,74.78521431748484,20.805841342538464,76.87805791605216,25.648954948255266,-2.092843598567315,1.1271858978860876,0.9656577006812276
47,2020-02-12,60500,12904207,0.01001669449081799,1000.0,1685.7142857142858,,,,,,,16783,16349,43724,47774,70971,67355,53.97937297494639,-8.044585544631666,51.22910296779689,-7.332491882909353,2.750270007149485,0.3300932475395123,-3.080363254688997
48,2020-02-13,60700,18449775,0.0033057851239668428,1100.0,1607.142857142857,,,,,,,23235,18961,19245,27392,69380,65507,62.023958519578045,-0.268644984841238,58.56159485070624,-3.1908732322006657,3.462363668871804,3.8208474879313434,-7.283211156803148
49,2020-02-14,61800,13276067,0.01812191103789118,1700.0,1614.2857142857142,,,,,,,13092,12235,16089,17364,48207,47789,62.292603504419276,-5.50664281281265,61.752468082906894,-3.2417080047943685,0.5401354215123791,1.1074068331007392,-1.6475422546131182
50,2020-02-17,61500,8740596,-0.004854368932038833,800.0,1492.857142857143,,,,,,,20587,24092,26410,26999,98953,94859,67.79924631723193,12.638102048863955,64.99417608770128,11.370796791549802,2.8050702295306613,-2.4015073655361423,-0.4035628639945187
51,2020-02-18,59800,16674266,-0.027642276422764175,1800.0,1557.142857142857,,,,,,,12002,27889,42466,28447,67007,65139,55.16114426836798,-3.611030337970469,53.62337929615148,0.20443228740977304,1.5377649722165054,-13.078411195719285,11.540646223502774
52,2020-02-19,60200,12951496,0.006688963210702337,1000.0,1464.2857142857142,,,,,,,17978,28968,54416,52826,103201,93801,58.77217460633845,14.28958885536928,53.4189470087417,7.665069415547443,5.353227597596742,-6.2587203508072555,0.9054927532105128
53,2020-02-20,60000,14591924,-0.0033222591362126463,1700.0,1442.857142857143,,,,,,,20170,25706,124902,116044,116237,119559,44.48258575096917,-12.912435034681735,45.753877593194254,-21.95222731595609,-1.2712918422251052,-2.11856461124569,3.389856453470795
54,2020-02-21,59200,13777393,-0.013333333333333308,1500.0,1392.857142857143,,,,,,,18882,22125,72331,47013,122877,144952,57.3950207856509,-5.280179558564669,67.70610490915035,2.4345869543645047,-10.311084123499462,-1.5147835022654024,11.825867625764866
55,2020-02-24,56800,25627537,-0.04054054054054057,2400.0,1407.142857142857,,,,,,,34470,17262,69627,79594,174798,182039,62.675200344215575,-3.3587320586739224,65.27151795478585,11.847654949865936,-2.5963176105702863,6.170064002581617,-3.5737463920113304
56,2020-02-25,57900,23885408,0.01936619718309851,1800.0,1442.857142857143,,,,,,,37212,20177,46531,94656,162806,131716,66.03393240288949,3.981665504832904,53.42386300491992,-0.8623799289680676,12.610069397969573,6.9093770406694,-19.519446438638973
57,2020-02-26,56500,25483102,-0.02417962003454233,1900.0,1464.2857142857142,,,,,,,36995,18010,22482,53639,97257,85085,62.052266898056594,12.123942418758162,54.286242933887976,-2.5554565589625327,7.766023964168593,12.112879145558715,-19.878903109727307
58,2020-02-27,55900,23209541,-0.010619469026548643,1400.0,1457.142857142857,,,,,,,25668,23053,57464,48601,82894,94372,49.92832447929842,-11.66816304113425,56.84169949285052,3.2983822181275144,-6.913375013552094,1.5750545095346506,5.338320504017443
59,2020-02-28,54200,30054227,-0.030411449016100163,1700.0,1485.7142857142858,,,,,,,34853,24855,54189,82859,142817,124145,61.59648752043268,-0.7596225260677372,53.543317274722995,-14.037053388477357,8.053170245709676,4.312103476681949,-12.365273722391624
60,2020-03-02,55000,30403412,0.014760147601476037,1900.0,1550.0,,,,,,,23378,18516,32804,29869,93064,100861,62.356110046500405,-4.313691514677053,67.58037066320036,-5.593624531861323,-5.2242606166999455,3.2577087493132137,1.9665518673867304
61,2020-03-03,55400,30330295,0.007272727272727319,1900.0,1614.2857142857142,0.23076923076923078,0.0,0.19046153846153843,0.8095384615384617,0.38129230769230776,13.0,36155,25209,41813,37544,155958,171173,66.66980156117748,4.484177734622449,73.17399519506168,12.105598076292985,-6.5041936338842214,4.679257542983678,1.8249360909005408
62,2020-03-04,57400,24765728,0.03610108303249104,3000.0,1750.0,0.0,0.0,0.155,0.845,0.29600000000000004,2.0,22315,15404,30655,39131,87109,85544,62.18562382655502,10.35047298068315,61.068397118768694,1.4079728791331119,1.1172267077863205,4.9336445862691765,-6.050871294055498
63,2020-03-05,57800,21698990,0.006968641114982521,1300.0,1721.428571428571,,,,,,,38018,19079,24788,33523,67592,77796,51.83515084587186,3.2432924842615165,59.66042423963558,-2.8480053425782685,-7.825273393763707,14.523995766806241,-6.698722373042531
64,2020-03-06,56500,18716656,-0.02249134948096887,1600.0,1778.571428571429,,,,,,,18660,15459,29366,19566,45395,58396,48.591858361610356,2.9743945178428817,62.50842958221385,-4.917068540086492,-13.916571220603506,3.426424465591248,10.490146755012256
65,2020-03-09,54200,30261485,-0.04070796460176995,2900.0,1857.142857142857,,,,,,,43882,14415,66030,51421,92197,136273,45.617463843767474,-15.352307601993306,67.42549812230035,5.514884526811265,-21.808034278532872,14.579756468044472,7.2282778104884
66,2020-03-10,54600,32106554,0.0073800738007379066,1200.0,1871.4285714285716,,,,,,,31383,27580,29599,31932,95261,96731,60.969771445760784,-6.986286878987628,61.91061359548908,-8.266797451345063,-0.9408421497283078,2.4340290445011936,-1.493186894772886
67,2020-03-11,52100,45707281,-0.045787545787545736,2600.0,1935.7142857142856,,,,,,,20154,21958,44544,38255,137206,141691,67.9560583247484,16.642950111237127,70.17741104683414,5.4220440666767615,-2.221352722085744,-0.8934939377129725,3.114846659798716
68,2020-03-12,50800,48149999,-0.0249520153550864,2800.0,2028.571428571429,,,,,,,54586,32076,64637,54230,125654,158571,51.313108213511285,-15.306817042151664,64.75536698015739,-1.6794790561500008,-13.442258766646113,9.19237004700319,4.2498887196429225
69,2020-03-13,49950,59462933,-0.0167322834645669,4750.0,2196.428571428572,,,,,,,56362,41562,102892,118575,317839,316956,66.61992525566293,1.3652416696227905,66.43484603630738,-13.807770818649145,0.1850792193555554,3.1021205509198415,-3.287199770275397
70,2020-03-16,48900,33339821,-0.02102102102102099,2100.0,2217.8571428571427,,,,,,,10133,16606,65740,26538,142496,175225,65.25468358604014,-4.06030600353904,80.24261685495651,2.2237128527280845,-14.987933268916375,-2.964248588398537,17.952181857314912
71,2020-03-17,47300,51218151,-0.032719836400817985,2950.0,2292.857142857143,0.0,0.0,0.0,1.0,0.0,7.0,31995,12215,97991,80900,293628,330499,69.31498958957918,7.76763797194593,78.01890400222844,1.6788218023339,-8.703914412649251,4.669345205776957,4.034569206872294
72,2020-03-18,45600,40152623,-0.03594080338266381,2750.0,2389.285714285714,0.5,0.0,0.1,0.9,0.1806,2.0,17634,17085,88836,48426,170416,211375,61.54735161763325,-9.752667080945656,76.34008219989454,-5.3676080156490835,-14.792730582261292,0.1982765470265741,14.594454035234715
73,2020-03-19,42950,56925513,-0.058114035087719285,4350.0,2578.5714285714284,,,,,,,65163,23157,69906,62931,335555,384536,71.30001869857891,-3.275686300926836,81.70769021554362,-1.377605095140197,-10.407671516964713,8.925596654654246,1.4820748623104645
74,2020-03-20,45400,49730008,0.05704307334109425,2550.0,2625.0,-0.1111111111111111,0.0,0.05222222222222222,0.9477777777777779,0.11797777777777779,9.0,47917,21616,101257,77629,437564,487493,74.57570499950575,0.5541022593151439,83.08529531068382,3.641133476655256,-8.509590311178073,4.482579959027709,4.027010352150364
75,2020-03-23,42500,41701626,-0.06387665198237891,3000.0,2703.5714285714284,0.0,0.0,0.0,1.0,0.0,1.0,35307,30714,117898,90512,436535,468514,74.02160274019059,8.123312039478094,79.44416183402856,0.9800362955138412,-5.422559093837964,0.7788177841082511,4.643741309729712
76,2020-03-24,46950,49801908,0.1047058823529412,4450.0,2807.142857142857,0.0,0.0,0.09449999999999999,0.9055,0.1366,4.0,46571,25387,127020,84239,335448,399413,65.89829070071251,-3.99190632329298,78.46412553851472,17.909036254042483,-12.565834837802212,4.1615671883686725,8.40426764943354
77,2020-03-25,48650,52735922,0.03620873269435565,2650.0,2903.5714285714284,,,,,,,24400,36676,105469,133457,301449,261185,69.89019702400549,-4.390659869370353,60.555089284472245,5.970561621799184,9.335107739533244,-2.846159909857692,-6.488947829675553
78,2020-03-26,47800,42185129,-0.0174717368961973,1600.0,2903.5714285714284,,,,,,,24768,45920,58588,101272,240745,176909,74.28085689337584,-0.9932722185608468,54.58452766267306,-4.9546154244732525,19.696329230702773,-6.526360609809905,-13.169968620892869
79,2020-03-27,48300,39896178,0.010460251046025215,2850.0,2900.0,,,,,,,22529,37531,76373,124310,301092,238153,75.27412911193669,11.578971970264881,59.53914308714632,-3.8877346382867657,15.734986024790373,-3.7505562583438743,-11.984429766446494
80,2020-03-30,47850,26797395,-0.009316770186335366,1800.0,2942.857142857143,,,,,,,31432,14338,47327,65003,138179,137597,63.69515714167181,-11.625933989767866,63.42687772543307,-19.24929985910828,0.268279416238741,7.879670689321372,-8.147950105560112
81,2020-03-31,47750,30654261,-0.002089864158829724,1350.0,2853.5714285714284,,,,,,,73127,26015,91141,89296,501353,550310,75.32109113143967,-1.7027670738916785,82.67617758454134,14.147092809322189,-7.355086453101691,7.077901688798881,0.277184764302809
82,2020-04-01,45800,27259532,-0.0408376963350785,2100.0,2803.5714285714284,,,,,,,28553,30834,43366,67675,241097,214507,77.02385820533135,10.111112971325568,68.52908477521916,-4.725873245626403,8.4947734301122,-0.7287167429141003,-7.766056687198097
83,2020-04-02,46800,21621076,0.02183406113537112,1500.0,2571.428571428572,-0.4,0.0,0.0864,0.9136,0.11840000000000002,5.0,23581,14463,38449,35677,125444,137334,66.91274523400578,5.010100201776397,73.25495802084556,-7.2214290220800725,-6.342212786839776,4.8636077536085,1.4786050332312748
84,2020-04-03,47000,22784682,0.0042735042735042575,1050.0,2496.428571428572,,,,,,,51885,15720,32101,27320,136465,177411,61.902645032229394,-7.9527326130652645,80.47638704292564,-0.5782212278504346,-18.573742010696254,16.40500610112905,2.1687359095672054
85,2020-04-06,48700,23395726,0.03617021276595756,1800.0,2414.285714285714,-0.07692307692307693,0.0,0.0,1.0,0.0,13.0,34610,8588,31527,32978,153262,177833,69.85537764529465,8.668523778652066,81.05460827077606,6.880191765877867,-11.199230625481427,11.860582773850384,-0.6613521483689534
86,2020-04-07,49600,31524034,0.01848049281314168,1500.0,2325.0,,,,,,,33931,22046,34849,23719,108428,131443,61.18685386664258,-9.772965764567651,74.1744165048982,12.460913002200725,-12.987562638255609,6.706807819060089,6.280754819195522
87,2020-04-08,48600,25010314,-0.020161290322580627,1150.0,2096.428571428572,,,,,,,16563,22666,19502,24882,88125,76642,70.95981963121024,3.855638493832288,61.71350350269748,3.5831593193246287,9.246316128512763,-4.9142443030839855,-4.332071825428779
88,2020-04-09,49100,22628058,0.010288065843621295,1200.0,2000.0,,,,,,,18385,30774,22818,21669,84050,72810,67.10418113737795,-17.170057810201854,58.13034418337285,-33.39597455166865,8.973836954005094,-9.891180251171628,0.917343297166535
89,2020-04-10,49250,17839111,0.003054989816700715,600.0,1828.571428571429,-0.3488372093023256,0.0,0.1496744186046512,0.8503255813953486,0.31437906976744184,43.0,116088,128810,361593,128584,2559889,2780176,84.27423894757979,-8.138777726246332,91.5263187350415,7.330796877281713,-7.252079787461687,-0.41882162386381216,7.6709014113255005
90,2020-04-13,48300,14431800,-0.019289340101522837,950.0,1578.571428571429,0.16666666666666666,0.0,0.08700000000000001,0.9129999999999999,0.14996666666666666,12.0,36971,23541,52928,163728,1095012,997642,92.41301667382614,4.294076238641097,84.1955218577598,-1.306224484011253,8.217494816066353,1.1334184592766885,-9.350913275343043
91,2020-04-14,49000,14206216,0.014492753623188468,900.0,1453.571428571429,,,,,,,22484,17657,41570,60507,475073,460963,88.11894043518505,15.248458102792187,85.50174634177105,18.20831627325029,2.6171940934139823,0.89533634932029,-3.5125304427342723
92,2020-04-16,49000,23349760,0.0,800.0,1396.428571428571,,,,,,,37573,16042,43197,81332,216950,200346,72.87048233239284,-11.286781560053225,67.29343006852075,-17.730000181921014,5.577052263872094,7.2319629181781515,-12.80901518205025
93,2020-04-17,51400,32041675,0.04897959183673462,3000.0,1407.142857142857,,,,,,,56364,44485,66732,71881,653891,660621,84.15726389244608,-2.005994767148678,85.02343025044176,3.121502183394,-0.8661663579956936,1.5288544081175104,-0.6626880501218168
94,2020-04-20,50100,21866354,-0.02529182879377434,1400.0,1378.571428571429,-0.6666666666666666,0.016888888888888887,0.3253333333333333,0.6577777777777778,0.5305777777777778,9.0,36127,25925,29301,59653,407429,387279,86.16325865959476,6.868431794309245,81.90192806704776,-8.170137446691015,4.261330592547006,2.1575233104300042,-6.41885390297701
95,2020-04-21,49250,27407543,-0.016966067864271458,1400.0,1382.142857142857,0.0,0.0,0.21580000000000005,0.7842,0.4737,5.0,72605,25389,133885,73621,790797,898277,79.29482686528551,-3.162346059974425,90.07206551373878,2.5279429509755857,-10.777238648453254,4.7344445480588835,6.042794100394371
96,2020-04-22,49850,18613864,0.012182741116751215,1650.0,1350.0,,,,,,,45335,27385,64351,50495,515561,547367,82.45717292525994,-2.8403991294514697,87.54412256276319,-3.115016164189214,-5.086949637503259,2.8708654339804918,2.216084203522768
97,2020-04-23,49850,18754442,0.0,800.0,1300.0,,,,,,,36422,32958,114796,63115,877306,932451,85.29757205471141,4.527631231032898,90.6591387269524,6.916411027843537,-5.361566672240998,0.3367933076914102,5.024773364549588
98,2020-04-24,49350,15618347,-0.010030090270812477,850.0,1285.7142857142858,,,,,,,18276,18954,58805,46211,323755,335671,80.76994082367851,-2.9957225199884334,83.74272769910888,1.5690438166965777,-2.9727868754303506,-0.1691464838487561,3.1419333592791068
99,2020-04-27,49850,14049471,0.010131712259371815,900.0,1221.4285714285713,,,,,,,14761,8686,13884,22768,147802,144993,83.76566334366693,-1.2880557955591314,82.1736838824123,-0.38846023489297465,1.5919794612546545,3.4429602090146045,-5.034939670269258
100,2020-04-28,50100,16095399,0.005015045135406293,800.0,1171.4285714285713,,,,,,,11417,17192,16879,15821,161022,156305,85.05371913922608,6.467623695915336,82.56214411730527,16.277208443308187,2.4915750219207893,-3.050423097645232,0.5588480757244425
101,2020-04-29,50000,15604533,-0.001996007984031989,900.0,1153.5714285714287,,,,,,,15298,24322,18491,28877,124001,104591,78.58609544331074,0.8537525763531875,66.28493567399708,8.844051520908591,12.301159769313646,-5.718993599087393,-6.58216617022625
102,2020-05-04,48500,26083749,-0.030000000000000027,1500.0,1175.0,,,,,,,22441,44602,44975,84247,235337,173904,77.73234286695755,6.4893138091354245,57.44088415308849,-25.178233350091233,20.291458713869066,-7.319828374945913,-12.971630338923148
103,2020-05-06,49200,18070225,0.014432989690721596,700.0,1182.142857142857,,,,,,,26615,10604,32170,24926,145635,168890,71.24302905782213,-2.523533727820705,82.61911750317972,3.1062307382939025,-11.376088445357597,7.8324038743762845,3.543684570981313
104,2020-05-07,48800,13884411,-0.008130081300813052,600.0,1157.142857142857,,,,,,,14222,11109,22227,17356,102492,110476,73.76656278564282,10.644113666373967,79.51288676488582,-7.58903895757379,-5.746323979242987,2.240519357137201,3.5058046221057864
105,2020-05-08,48800,15319700,0.0,550.0,1132.142857142857,,,,,,,50548,20400,111097,36136,276684,381793,63.122449119268865,-3.1231061531185977,87.1019257224596,25.46614460329844,-23.979476603190754,6.877938717264885,17.101537885925868
106,2020-05-11,48400,16357743,-0.008196721311475419,950.0,1142.857142857143,,,,,,,11739,20834,43889,42391,109174,101577,66.24555527238746,14.830097592686233,61.635781119161166,-16.657170013151852,4.6097741532262955,-5.518743704566691,0.9089695513403964
107,2020-05-12,47900,23433590,-0.010330578512396715,950.0,996.4285714285713,,,,,,,33404,17605,58053,23257,96786,147381,51.41545767970123,-12.917272285742245,78.29295113231301,-13.676378972610307,-26.877493452611784,8.392875166672862,18.48461828593892
108,2020-05-13,48550,20223277,0.013569937369519723,1350.0,992.8571428571428,,,,,,,65275,11940,116795,29054,328398,469474,64.33272996544348,-9.673886455693307,91.9693301049233,23.416790566810533,-27.636600139479853,10.448255326484718,17.188344812995133
109,2020-05-14,48000,19305974,-0.011328527291452062,900.0,957.1428571428572,,,,,,,26130,19866,23292,39926,140711,130341,74.00661642113678,2.2854352011017625,68.5525395381128,1.275472166374712,5.454076883023988,3.29453593011208,-8.748612813136067
110,2020-05-15,47850,18463118,-0.0031250000000000444,750.0,892.8571428571429,,,,,,,28147,20261,13672,28130,106062,99490,71.72118122003502,-3.3702030691779896,67.27706737173808,-9.751663848790486,4.444113848296942,5.332666130199282,-9.776779978496226
111,2020-05-18,48800,20481981,0.01985370950888199,1500.0,942.8571428571428,,,,,,,11122,20101,43392,30173,164342,168582,75.09138428921302,-0.8028531149710574,77.02873122052857,17.016535250547776,-1.937346931315568,-4.102697664217569,6.0400445955331366
112,2020-05-19,50300,25168295,0.03073770491803285,1700.0,1003.5714285714287,,,,,,,14867,31282,30198,43474,141882,112191,75.89423740418407,4.83008527283009,60.012195969980795,0.5477644458143018,15.882041434203273,-8.780563475209549,-7.1014779589937245
113,2020-05-20,50000,14896899,-0.0059642147117295865,500.0,975.0,,,,,,,12445,14052,16968,27152,72236,60445,71.06415213135399,5.040578779912167,59.464431524166486,-16.333473066816445,11.59972060718748,-1.5809304567678977,-10.018790150419582
114,2020-05-21,49950,14949266,-0.0010000000000000009,550.0,957.1428571428572,,,,,,,11106,20852,44932,19065,108894,125015,66.02357335144181,-12.466885436609216,75.79790459098294,-0.07705233711654103,-9.774331239541144,-5.9091019329178085,15.683433172458956
115,2020-05-22,48750,19706284,-0.02402402402402404,1350.0,989.2857142857144,,,,,,,31146,27326,54374,68593,312071,301672,78.49045878805103,18.0308834187494,75.87495692809948,-15.964226990292358,2.615501859951558,0.9607863357067942,-3.5762881956583525
116,2020-05-25,48850,14337913,0.002051282051282133,450.0,914.2857142857144,,,,,,,23151,7212,66465,11284,137028,208148,60.45957536930163,-9.508692989719222,91.83918391839184,4.342818944649565,-31.379608549090204,7.0326150262085045,24.3469935228817
117,2020-05-26,49250,15127490,0.008188331627430934,850.0,925.0,,,,,,,19557,11040,50668,18198,163611,204598,69.96826835902085,-16.45135983072859,87.49636497374226,21.475235668754774,-17.528096614721427,3.6422963102345234,13.885800304486905
118,2020-05-27,49900,19548479,0.013197969543147224,1200.0,967.8571428571428,,,,,,,9632,24311,18558,46222,179389,137046,86.41962818974945,9.02513967649,66.0211293049875,4.528569274905308,20.398498884761946,-7.071524576185452,-13.326974308576494
119,2020-05-28,50400,31309318,0.01002004008016022,1300.0,1021.4285714285713,,,,,,,20847,42916,29651,43105,172890,137367,77.39448851325945,30.44592763159884,61.49256003008219,2.3616484101378323,15.901928483177251,-9.87922359303096,-6.022704890146293
120,2020-05-29,50700,27596961,0.005952380952380931,1000.0,1025.0,,,,,,,14372,14558,64959,46556,70205,88422,46.94856088166061,-23.54981042642729,59.130911619944364,-9.149576903459149,-12.182350738283755,-0.12438476353520225,12.306735501818961
121,2020-06-01,51200,16949183,0.009861932938856066,600.0,1000.0,,,,,,,12878,13603,22172,24082,83757,81122,70.4983713080879,5.870214712180086,68.2804885234035,-0.12120777253784355,2.2178827846844045,-0.6102334037556709,-1.607649380928733
122,2020-06-02,51400,14247933,0.00390625,700.0,953.5714285714287,,,,,,,13788,15799,15739,10578,53949,57099,64.62815659590781,-7.238043822418561,68.40169629594135,8.464823582819193,-3.773539700033543,-2.4090756624658582,6.182615362499401
123,2020-06-03,54500,49257814,0.060311284046692615,3600.0,1146.4285714285713,,,,,,,36034,45629,16020,28497,132969,110897,71.86620041832637,19.751606880884964,59.936872713122156,-11.207594133568733,11.929327705204216,-5.185841760213594,-6.7434859449906215
124,2020-06-04,54600,40220334,0.0018348623853210453,2500.0,1271.4285714285713,,,,,,,51228,23348,225938,143671,301645,411792,52.11459353744141,-13.614868305809866,71.14446684669089,-6.9075823688294085,-19.02987330924948,4.8167709321350145,14.213102377114465
125,2020-06-05,55500,22743629,0.016483516483516425,1900.0,1300.0,,,,,,,56874,22973,54874,48594,214328,254509,65.72946184325127,-14.164501994668713,78.0520492155203,14.284083650496163,-12.322587372269039,10.396655994308077,1.925931377960966
126,2020-06-08,54900,25634965,-0.010810810810810813,1800.0,1307.142857142857,,,,,,,22955,33196,37115,75053,238696,190517,79.89396383791998,9.069128966984039,63.767965565024134,-16.497591686471814,16.125998272895846,-3.4277662116840606,-12.698232061211787
127,2020-06-09,55500,23998831,0.010928961748633892,2100.0,1421.428571428571,,,,,,,39394,28456,47003,29984,209735,237692,70.82483487093593,4.041705877120947,80.26555725149595,-8.133238990118585,-9.440722380560018,3.6936231140167215,5.747099266543298
128,2020-06-10,55400,16742493,-0.0018018018018017836,1000.0,1453.571428571429,,,,,,,44836,13440,49095,19366,188850,249975,66.783128993815,-12.450484009578474,88.39879624161453,8.351291104215449,-21.615667247799525,11.102584685675488,10.513082562124048
129,2020-06-11,54300,33815123,-0.019855595667869985,2200.0,1514.2857142857142,,,,,,,38922,63848,84264,54510,470013,474841,79.23361300339347,3.994558707129542,80.04750513739909,-0.8937652165748062,-0.8138921340056203,-4.201962579168205,5.015854713173825
130,2020-06-12,52300,26976019,-0.03683241252302028,2800.0,1682.142857142857,,,,,,,57765,44969,137714,105493,593986,639003,75.23905429626393,-11.764018978060648,80.94127035397389,0.7018809457858879,-5.702216057709968,1.6208444959561217,4.081371561753846
131,2020-06-15,49900,28772921,-0.045889101338432166,2400.0,1792.857142857143,-0.1,0.0,0.152,0.8479999999999999,0.19308,10.0,32547,45832,77492,121472,736615,679350,87.00307327432456,6.179579091198832,80.239389408188,6.5777901822863925,6.76368386613658,-1.5691179631821264,-5.194565902954453
132,2020-06-16,52100,21808375,0.044088176352705455,2200.0,1864.2857142857144,-0.3333333333333333,0.0,0.043333333333333335,0.9566666666666667,0.09106666666666667,6.0,31845,37607,45644,68822,326594,297654,80.82349418312576,-0.15692752523808906,73.66159922590161,-6.0912320189849245,7.161894957224134,-1.4259446697831881,-5.7359502874409465
133,2020-06-17,52200,26672595,0.0019193857965451586,1600.0,1885.7142857142856,0.0,0.0,0.2,0.8,0.2294,2.0,18250,26686,34753,29738,225673,222252,80.98042170836383,-0.4776015364029291,79.75283124488655,5.663567962539688,1.2275904634772998,-3.027171338758989,1.7995808752816889
134,2020-06-18,52300,15982926,0.0019157088122605528,700.0,1864.2857142857144,0.0,0.0,0.355,0.645,0.5267,2.0,14150,21531,20980,27560,154332,140371,81.45802324476676,8.973621526811144,74.08926328234683,-0.589763819489491,7.368759962419904,-3.895768016805481,-3.472991945614424
135,2020-06-19,52900,18157985,0.011472275334607929,1300.0,1914.2857142857144,0.0,0.0,0.4,0.6,0.4588,2.0,17360,28636,78867,59916,253491,261166,72.48440171795562,-2.5170204334750683,74.67902710183635,2.56457235469486,-2.1946253838807266,-3.224312160083267,5.4189375439639935
136,2020-06-22,52000,13801350,-0.017013232514177745,1100.0,1942.857142857143,0.0,0.0,0.4,0.6,0.4588,1.0,18105,12155,25840,36865,131845,126770,75.00142215143069,5.745263419641532,72.11445474714148,0.2359345547185541,2.8869674042892086,3.384720405028728,-6.271687809317938
137,2020-06-23,51400,18086152,-0.011538461538461496,1700.0,1807.142857142857,0.0,0.0,0.11900000000000001,0.881,0.22555,2.0,35973,16184,53819,65949,202273,209932,69.25615873178916,0.2946741650043805,71.87852019242294,-1.2842968039562663,-2.622361460633763,6.775546539297759,-4.153185078663996
138,2020-06-24,52900,24519552,0.029182879377431806,2500.0,1807.142857142857,-0.5833333333333334,0.0,0.31033333333333335,0.6896666666666667,0.6490833333333333,12.0,38759,19096,49621,57321,196363,208326,68.96148456678478,-7.589737125523852,73.16281699637918,3.6423717873354207,-4.201332429594406,6.905525333370794,-2.7041929037763883
139,2020-06-25,51900,18541624,-0.018903591682419615,1100.0,1750.0,,,,,,,20084,23021,18217,26764,125038,113554,76.55122169230863,-8.745515737603782,69.52044520904377,0.9961957600378496,7.030776483264867,-1.7981008822142903,-5.232675601050576
140,2020-06-26,53300,21575360,0.026974951830443183,2000.0,1764.2857142857142,,,,,,,9320,23837,16431,31289,149387,120012,85.29673742991241,8.068231355947049,68.52424944900592,6.733189271172599,16.77248798090649,-8.288892187874705,-8.48359579303178
141,2020-06-29,52400,17776925,-0.016885553470919357,1300.0,1707.142857142857,,,,,,,18514,19695,21207,46954,134712,107784,77.22850607396536,8.480050829601282,61.791060177833316,-5.170898724078492,15.43744589613204,-0.6770507874083459,-14.760395108723696
142,2020-06-30,52800,21157172,0.007633587786259444,1500.0,1742.857142857143,,,,,,,22449,26232,49623,49960,158547,154427,68.74845524436408,-11.888301406826784,66.96195890191181,-0.020437746083288744,1.7864963424522695,-1.6403678794895478,-0.14612846296272206
143,2020-07-01,52600,16706143,-0.003787878787878785,1200.0,1671.428571428571,,,,,,,13507,13539,30118,60849,181673,150910,80.63675665119086,20.055089259658295,66.9823966479951,-9.795524436604254,13.654360003195768,-0.014203410593968875,-13.640156592601798
144,2020-07-02,52900,14142583,0.005703422053231932,800.0,1528.571428571429,0.5,0.0,0.15449999999999997,0.8454999999999999,0.31170000000000003,4.0,39958,12652,65177,49285,161581,204779,60.58166739153258,-27.535043954713448,76.77792108459936,35.414986790211216,-16.196253693066787,10.237855996640622,5.958397696426162
145,2020-07-03,53600,11887868,0.013232514177693666,900.0,1421.428571428571,0.0,0.0,0.0,1.0,0.0,1.0,11868,22555,14906,109559,198534,93194,88.11671134624598,7.759803746988581,41.36293429438813,-13.47428150695726,46.7537770518579,-4.743284747989419,-42.010492303868475
146,2020-07-06,55000,19856623,0.026119402985074647,1400.0,1364.2857142857142,0.0,0.0,0.0,1.0,0.0,1.0,22329,13848,26874,99278,201282,137359,80.35690759925744,18.827575622316104,54.83721580134539,7.1529396967139425,25.51969179791205,3.385831486915384,-28.905523284827428
147,2020-07-07,53400,30760032,-0.029090909090909056,2500.0,1428.571428571429,,,,,,,17755,18159,79812,114521,156047,120934,61.52933197694135,-14.212347378404242,47.68427610463144,-11.657372658830715,13.845055872309887,-0.1592971996814056,-13.685758672628484
148,2020-07-08,53000,19664652,-0.0074906367041198685,1000.0,1450.0,0.0,0.0,0.215,0.785,0.3729,3.0,19030,26755,50751,90202,217877,170701,75.74167935534557,11.963913518987546,59.34164876346215,-9.172246978173293,16.400030591883418,-2.6854806749681908,-13.714549916915223
149,2020-07-09,52800,17054850,-0.0037735849056603774,800.0,1414.2857142857142,-1.0,0.0,0.139,0.861,0.4404,2.0,26478,16022,47670,48431,130555,140250,63.77776583635804,-7.504021987941988,68.51389574163545,5.3192729143385975,-4.7361299052774015,5.107888013365706,-0.3717581080883036
150,2020-07-10,52700,13714746,-0.001893939393939448,900.0,1400.0,0.0,0.25,0.0,0.75,-0.4588,2.0,9097,21092,37859,39087,116550,103327,71.28178782430003,1.7349842094002383,63.19462282729685,1.5062245213642882,8.087164997003168,-7.336122221814492,-0.7510427751886781
151,2020-07-13,53400,12240188,0.013282732447817748,1100.0,1357.142857142857,0.0,0.12533333333333332,0.24366666666666667,0.6309999999999999,0.059633333333333316,3.0,16265,11780,38527,57151,125130,110991,69.54680361489979,-7.1213558118803215,61.68839830593257,-1.7623523952718545,7.8584053089672175,2.4927468569713542,-10.351152165938574
152,2020-07-14,53800,14269484,0.0074906367041198685,600.0,1221.4285714285713,0.0,0.0,0.2,0.8,0.2294,4.0,19402,14075,20194,47952,130112,107681,76.66815942678011,1.2249611093503177,63.450750701204434,-2.715606259414109,13.217408725575694,3.1389209701369416,-16.356329695712635
153,2020-07-15,54700,24051450,0.016728624535315983,1200.0,1228.5714285714287,-0.09090909090909091,0.0,0.09718181818181817,0.9028181818181819,0.1806,11.0,20392,12987,20707,43638,126264,110738,75.4431983174298,-6.6077152006080695,66.16635696061853,9.115654807235423,9.276841356811245,4.424514378924852,-13.701355735736096
154,2020-07-16,53800,16779127,-0.01645338208409508,1000.0,1157.142857142857,,,,,,,10779,12637,10451,38163,97049,67479,82.05091351803786,15.561090428856248,57.05070215338312,-14.354431017227235,25.00021136465476,-1.5708621141538228,-23.42934925050093
155,2020-07-17,54400,10096174,0.011152416356877248,900.0,1128.5714285714287,-1.0,0.0,0.079,0.9209999999999999,0.0516,1.0,8951,15549,40885,26977,98883,106193,66.48982308918161,16.51944627181247,71.40513317061034,30.657265777607694,-4.9153100814287365,-4.436554845043337,9.351864926472073
156,2020-07-20,54200,10507530,-0.003676470588235281,800.0,1078.5714285714287,-0.7272727272727273,0.0,0.20618181818181822,0.7938181818181818,0.4159272727272727,11.0,11066,16219,84355,96792,95308,77718,49.970376817369136,-14.738352923989568,40.747867393002636,-29.797621921908675,9.222509424366507,-2.7017391167572846,-6.520770307609228
157,2020-07-21,55300,18297260,0.020295202952029582,1200.0,1078.5714285714287,-0.9047619047619048,0.0,0.24947619047619052,0.7505238095238096,0.5055857142857143,21.0,28549,17188,30506,32100,108281,118048,64.70872974135871,-2.0691863885584207,70.54548931491131,-12.100670158191164,-5.836759573552612,6.7893340345173785,-0.9525744609647656
158,2020-07-22,54700,12885057,-0.010849909584086824,800.0,1078.5714285714287,0.16666666666666666,0.0,0.15294444444444444,0.8470555555555558,0.28489444444444445,18.0,45433,23119,78099,41409,248305,307309,66.77791612991713,-16.201835789987584,82.64615947310246,10.400431603710814,-15.86824334318532,6.001016574466767,9.86722676871855
159,2020-07-23,54100,16214932,-0.010968921389396756,900.0,1078.5714285714287,,,,,,,12997,18048,21156,37644,166508,144969,82.9797519199047,6.4026298236809955,72.24572786939166,-4.059595261732427,10.734024050513057,-2.5171807177279093,-8.216843332785144
160,2020-07-24,54200,10994535,0.001848428835489857,700.0,1028.5714285714287,,,,,,,13363,18400,20677,16035,111288,110893,76.57712209622372,0.1431509678389915,76.30532313112408,12.4610419318416,0.2717989650996367,-3.465952879004734,3.1941539139050974
161,2020-07-27,55600,21054421,0.02583025830258312,1500.0,957.1428571428572,-1.0,0.0,0.222,0.778,0.5719,3.0,16118,7004,5953,26858,71585,59794,76.43397112838473,26.38925587511753,63.84428119928248,15.085576629979803,12.589689929102244,9.731357307593749,-22.321047236696
162,2020-07-28,58600,48431566,0.05395683453237421,3200.0,1114.2857142857142,-1.0,0.0,0.288,0.712,0.5681199999999998,20.0,16002,18478,67787,67468,83939,81782,50.044715253267185,-33.80167956738753,48.75870456930268,-0.8309158556960128,1.2860106839645142,-1.4761995611943146,0.19018887722980066
163,2020-07-29,59000,36476611,0.0068259385665530034,1800.0,1185.7142857142858,,,,,,,17463,40374,13476,56177,160591,94979,83.84639482065472,5.797002469222008,49.589620424998685,-19.530404103934288,34.25677439565603,-11.96209471101133,-22.294679684644702
164,2020-07-30,59000,19285354,0.0,1100.0,1200.0,,,,,,,14162,22129,17338,22185,112004,99190,78.04939235143272,6.3977217384361325,69.12002452893299,13.659882461056116,8.92936782249972,-5.551761623369384,-3.3776061991303377
165,2020-07-31,57900,21943345,-0.01864406779661021,1900.0,1257.142857142857,,,,,,,7378,18477,19560,23847,68087,52701,71.65167061299658,-6.2222032608772935,55.460142067876866,-10.414342586268805,16.191528545119706,-11.68008418837148,-4.511444356748224
166,2020-08-03,56800,21158940,-0.01899827288428324,1200.0,1300.0,,,,,,,13266,15834,22960,40038,127499,107853,77.87387387387388,6.333516737584631,65.87448465414568,0.2511512595119143,11.999389219728204,-1.5684837379752634,-10.430905481752939
167,2020-08-04,57300,19419694,0.008802816901408494,1300.0,1307.142857142857,-0.8571428571428571,0.0,0.20947619047619048,0.7905238095238093,0.4448,21.0,13755,11865,17196,25521,77803,71368,71.54035713628923,6.9308329612347865,65.62333339463376,-19.946668236546728,5.9170237416554805,1.737867112933777,-7.654890854589256
168,2020-08-05,56900,17739706,-0.006980802792321161,1200.0,1321.4285714285713,-0.0975609756097561,0.0,0.12010975609756097,0.879890243902439,0.23990731707317073,82.0,42420,12454,141998,62740,336677,445901,64.60952417505446,-18.25590481665641,85.57000163118049,21.327560488132136,-20.960477456126046,5.750582907147449,15.20989454897859
169,2020-08-06,58000,21625874,0.019332161687170446,1500.0,1364.2857142857142,-1.0,0.0,0.384,0.616,0.6808,4.0,26843,21859,22313,80723,237726,184300,82.86542899171087,-4.387889989272267,64.24244114304835,-5.554233895822589,18.622987848662515,1.7372996563046827,-20.3602875049672
170,2020-08-07,57500,18751717,-0.008620689655172377,1300.0,1400.0,,,,,,,7510,17828,13805,32678,145905,116714,87.25331898098314,5.8952407961057816,69.79667503887093,-7.983603734615755,17.456643942112187,-6.17031455567516,-11.286329386437027
171,2020-08-10,57800,17774291,0.0052173913043478395,800.0,1371.4285714285713,1.0,0.0,0.24100000000000002,0.759,0.5859,4.0,15030,16113,18098,23373,144579,138221,81.35807818487736,7.077039214287198,77.7802787734867,-13.391124057442866,3.5777994113906604,-0.6094301293702555,-2.9683692820204044
172,2020-08-11,58200,24907912,0.006920415224913601,1700.0,1435.7142857142858,-0.5636363636363636,0.0,0.14904545454545454,0.8509545454545452,0.3365045454545453,110.0,51176,31801,144660,35424,565610,694221,74.28103897059015,-2.578844462862748,91.17140283092957,5.687646400306648,-16.890363860339402,2.544500857578869,14.345863002760534
173,2020-08-12,59000,18573934,0.013745704467353905,1300.0,1464.2857142857142,0.0,0.0,0.04883333333333333,0.9511666666666668,0.0734,18.0,42405,35497,133558,74888,584461,650039,76.85988343345291,-6.432454918466946,85.48375643062292,21.01534895597748,-8.62387299717,0.908440554217121,7.715432442952879
174,2020-08-13,58700,22089460,-0.005084745762711895,1600.0,1528.571428571429,0.0,0.0,0.259,0.741,0.4215,3.0,31759,47143,29442,83011,305104,236151,83.29233835191984,4.7416739960561936,64.46840747464545,-4.272435968451035,18.823930877274407,-4.199778872797259,-14.624152004477146
175,2020-08-14,58000,15672548,-0.011925042589437829,1000.0,1492.857142857143,,,,,,,15307,14818,31104,52819,169964,148738,78.55066435586366,18.604349708219747,68.74084344309648,-12.196811683670814,9.809820912767183,0.22599653379549395,-10.03581744656268
176,2020-08-18,58400,25307825,0.006896551724137946,1900.0,1400.0,-1.0,0.0,0.353,0.647,0.7184,3.0,46864,13065,62064,38776,163027,220114,59.946314647643916,-11.58699913378355,80.9376551267673,7.996604122954679,-20.991340479123387,12.428159070434447,8.563181408688937
177,2020-08-19,57800,16930719,-0.010273972602739769,1400.0,1371.4285714285713,-1.0,0.0,0.14800000000000002,0.852,0.3818,3.0,17584,10650,25124,29946,107320,109432,71.53331378142747,8.588093001561994,72.94105100381263,1.2336370694881111,-1.4077372223851548,4.621803929933079,-3.2140667075479246
178,2020-08-20,55400,30386029,-0.04152249134948094,2500.0,1471.428571428571,0.20588235294117646,0.012441176470588233,0.0,0.9875588235294117,-0.02807647058823529,34.0,48394,27267,26251,29727,126800,144451,62.945220779865465,-1.8373696851435497,71.7074139343245,1.9336987540933281,-8.762193154459034,10.487726178361338,-1.725533023902306
179,2020-08-21,55900,21142288,0.00902527075812265,1500.0,1442.857142857143,-1.0,0.0,0.0,1.0,0.0,2.0,13049,18854,37345,24398,92700,99842,64.78259046500902,5.644940059618001,69.77371518023118,-15.8459322132491,-4.991124715222162,-4.056773868925322,9.047898584147484
180,2020-08-24,56100,15055896,0.0035778175313059273,1200.0,1442.857142857143,0.0,0.0,0.0,1.0,0.0,3.0,30869,10748,22856,8159,77753,112571,59.137650405391035,-22.2955805999812,85.61964739348028,24.349501576135694,-26.48199698808926,15.303700999406743,11.178295988682518
181,2020-08-25,56400,14021705,0.005347593582887722,700.0,1400.0,0.0,0.0,0.0,1.0,0.0,8.0,10701,17407,8653,22965,84886,63868,81.43323100537222,3.32967023904628,61.27014581734459,-7.98982373523652,20.16308518802763,-6.4332310053722175,-13.72985418265541
182,2020-08-26,56400,17651593,0.0,800.0,1371.4285714285713,,,,,,,10272,17499,11878,13597,79008,70062,78.10356076632594,-2.060604124155219,69.25996955258111,-6.813677901049104,8.843591213744835,-7.144269360801914,-1.6993218529429208
183,2020-08-27,55600,16196568,-0.014184397163120588,800.0,1321.4285714285713,,,,,,,10246,19082,15998,12574,106062,100650,80.16416489048116,4.520923051533927,76.07364745363022,9.781018630400569,4.090517436850936,-6.678457515154264,2.5879400783033266
184,2020-08-28,55400,14619888,-0.0035971223021582506,900.0,1292.857142857143,,,,,,,12434,15474,11942,18260,75703,66345,75.64324183894723,-5.563631095662289,66.29262882322965,6.320966408627663,9.350613015717585,-3.0376002957663446,-6.313012719951239
185,2020-08-31,54000,32671367,-0.02527075812274371,2100.0,1385.7142857142858,,,,,,,24670,22611,19233,70900,189709,140101,81.20687293460952,10.618927327734669,59.971662414602,-5.063702966106796,21.23521052000753,0.8813759567145524,-22.116586476722087
186,2020-09-01,54200,19363117,0.003703703703703765,800.0,1321.4285714285713,0.0,0.0,0.0,1.0,0.0,4.0,19170,14217,28609,42582,114668,105648,70.58794560687485,-8.412897094220654,65.03536538070878,5.684298224321481,5.552580226166072,3.04899444126392,-8.601574667429992
187,2020-09-02,54400,16905723,0.0036900369003689533,1000.0,1300.0,,,,,,,10591,13649,29030,63047,149058,111983,79.00084270109551,18.226282791952976,59.3510671563873,-3.9046587569195386,19.649775544708213,-1.620742106964739,-18.02903343774347
188,2020-09-03,56400,28384920,0.03676470588235303,2300.0,1350.0,,,,,,,11834,19369,39973,29161,80268,83545,60.77455990914253,-6.744275611326338,63.255725913306854,0.701781463079854,-2.4811660041643004,-5.7050918038993,8.1862578080636
189,2020-09-04,55600,22139109,-0.014184397163120588,1300.0,1371.4285714285713,,,,,,,24280,21545,16288,25224,84329,78128,67.51883552046887,0.34034386442462505,62.553944450226965,-2.49031886092596,4.96489107024188,2.189804398824632,-7.154695469066511
190,2020-09-07,56500,18685880,0.01618705035971213,1700.0,1357.142857142857,0.0,0.0,0.0,1.0,0.0,4.0,12078,11275,15988,18616,57445,55620,67.17849165604424,-12.955185152421961,65.04426331115296,8.007432565486999,2.1342283448913006,0.9390604717521722,-3.0732888166434726
191,2020-09-08,58700,31517520,0.038938053097345104,2200.0,1414.2857142857142,,,,,,,8151,18211,6116,12643,57548,40961,80.1336768084662,14.803491780983052,57.03683074566594,2.765715161551988,23.09684606280025,-14.008215553853653,-9.0886305089466
192,2020-09-09,58400,30597399,-0.005110732538330498,1500.0,1342.857142857143,,,,,,,6810,33573,37973,25495,84387,70102,65.33018502748315,16.485710605245938,54.27111558411396,11.353960792203234,11.059069443369202,-20.719207246264613,9.66013780289541
193,2020-09-10,59200,29923293,0.013698630136986356,1600.0,1350.0,0.0,0.0,0.408,0.5920000000000001,0.5904,4.0,18173,27891,25057,20348,41277,36268,48.84447442223721,-2.6733482872553798,42.917154791910725,-7.06631719310387,5.9273196303264815,-11.499639083152877,5.5723194528263935
194,2020-09-11,59000,16017098,-0.0033783783783784,1200.0,1350.0,,,,,,,9294,13618,25906,22696,37404,36290,51.5178227094926,2.9835152702770604,49.9834719850146,4.095571882681668,1.53435072447799,-5.955594733072558,4.421244008594568
195,2020-09-14,60400,20648281,0.023728813559322104,1800.0,1428.571428571429,,,,,,,11886,23138,27845,18636,37468,35425,48.534307439215524,-6.036758306870759,45.88790010233293,-17.392040991905617,2.6464073368826018,-14.575318333139027,11.928910996256429
196,2020-09-15,61000,17877075,0.009933774834437026,600.0,1414.2857142857142,,,,,,,7217,16187,35354,18223,51138,59299,54.57106574608629,-1.571786037685328,63.279941094238545,-2.3425970758481114,-8.708875348152258,-9.572186236113927,18.281061584266187
197,2020-09-16,61000,17041444,0.0,700.0,1407.142857142857,,,,,,,8217,17387,26856,10105,44898,52479,56.14285178377162,-14.969175254395068,65.62253817008666,23.89967937856082,-9.47968638631504,-11.466656663040352,20.94634304935539
198,2020-09-17,59500,25108356,-0.024590163934426257,1700.0,1464.2857142857142,0.0,0.0,0.0,1.0,0.0,21.0,15888,22134,19156,48562,86266,50614,71.11202703816669,9.024276062041253,41.722858791525844,-13.957188124226436,29.38916824664084,-5.1487923501772315,-24.240375896463604
199,2020-09-18,59300,18884571,-0.003361344537815114,800.0,1371.4285714285713,,,,,,,7504,11961,17062,16757,40231,36079,62.08775097612544,-20.141370414746962,55.68004691575228,-9.181797232027918,6.407704060373166,-6.878404864422736,0.4707008040495702
200,2020-09-21,59200,15140387,-0.0016863406408094141,1000.0,1385.7142857142858,,,,,,,9798,19007,7374,14947,79458,62676,82.22912139087241,-5.5347870256199485,64.86184414778019,-4.51563490529297,17.367277243092207,-9.5301666149229,-7.837110628169308
201,2020-09-22,58200,20830381,-0.016891891891891886,1900.0,1450.0,-0.5,0.0,0.1238125,0.8761875,0.24499374999999995,32.0,6654,26487,14755,27092,153557,121387,87.76390841649234,4.160383392430745,69.37747905307316,15.623368530134435,18.38642936341918,-11.335345152772536,-7.05108421064664
202,2020-09-23,58600,20111398,0.006872852233676952,1400.0,1385.7142857142858,-0.16666666666666666,0.0,0.0,1.0,0.0,6.0,10329,51252,22380,41003,166779,107233,83.6035250240616,8.697763331530865,53.75411052293872,-12.511797225544337,29.84941450112288,-20.51401588065448,-9.3353986204684
203,2020-09-24,57800,17564020,-0.013651877133105785,1000.0,1364.2857142857142,0.0,0.0,0.038714285714285715,0.9612857142857143,0.054542857142857136,7.0,11402,27141,35331,35682,139497,123407,74.90576169253073,8.091148884360436,66.26590774848307,-2.3002653576537995,8.639853944047683,-8.451377329109166,-0.1884766149385169
204,2020-09-25,57900,11444683,0.0017301038062282892,500.0,1278.5714285714287,,,,,,,10884,14557,25379,19792,73011,74925,66.8146128081703,0.8138710184339715,68.56617310613686,1.3903689386272475,-1.7515602979665794,-3.36127532624412,5.1128356242107005
205,2020-09-28,58200,12614080,0.005181347150259086,900.0,1185.7142857142858,0.0,0.0,0.0,1.0,0.0,1.0,8885,5683,11282,13787,39149,39846,66.00074178973632,-0.6384471844780393,67.17580416750961,23.59473774380359,-1.175062377773282,5.398206217546699,-4.223143839773417
206,2020-09-29,58200,15503563,0.0,800.0,1135.7142857142858,,,,,,,10674,18560,12394,20452,46079,30135,66.63918897421436,1.7596587632123146,43.581066423706034,-4.513294381153076,23.058122550508337,-11.404688562048968,-11.653433988459373
207,2020-10-05,58700,20228289,0.008591065292096191,1700.0,1142.857142857143,,,,,,,10692,19056,13709,17007,45077,33415,64.87953021100205,2.08803095944608,48.09436080485909,-35.36699584841436,16.785169406142952,-12.038343072627304,-4.746826333515645
208,2020-10-06,59000,14463826,0.005110732538330387,1200.0,1142.857142857143,0.0,0.0,0.0,1.0,0.0,1.0,16569,9551,21214,7243,63761,84750,62.79149925155597,9.235908320757524,83.46135665327346,18.28386137207817,-20.669857401717483,6.911289687229181,13.7585677144883
209,2020-10-07,59900,14861838,0.015254237288135688,1400.0,1114.2857142857142,0.0,0.0,0.27499999999999997,0.725,0.6011666666666666,3.0,28380,14113,12466,16512,47100,57321,53.55559093079845,-13.908307986169063,65.17749528119528,12.602638623730847,-11.621904350396836,16.222454688104065,-4.6005503377072285
210,2020-10-08,59700,24589924,-0.0033388981636059967,1200.0,1157.142857142857,,,,,,,13477,19917,11037,15815,50830,39612,67.46389891696751,28.83260888952012,52.57485665746443,-9.637403177851214,14.889042259503078,-8.547462306222128,-6.341579953280951
211,2020-10-12,60400,16145837,0.011725293132328396,700.0,1157.142857142857,,,,,,,13689,8319,19849,12332,21112,33999,38.63129002744739,0.8715350760045979,62.212259835315635,-5.456298067848415,-23.58096980786825,9.826166514181153,13.7548032936871
212,2020-10-13,60900,19247631,0.008278145695364225,1000.0,1107.142857142857,,,,,,,15714,13625,20048,4952,21696,38881,37.759754951442794,-27.239161088075317,67.66855790316406,22.49837610750609,-29.90880295172125,3.6356991193567474,26.273103832364512
213,2020-10-14,60900,16086716,0.0,600.0,1092.857142857143,,,,,,,6922,13020,15681,22388,41975,29170,64.99891603951811,18.739742959152967,45.17018179565797,-7.441535882284883,19.828734243860136,-9.4428443123045,-10.38588993155564
214,2020-10-15,60000,17756232,-0.014778325123152691,1200.0,1107.142857142857,-1.0,0.21479999999999996,0.0,0.7852,-0.43558,5.0,14646,15815,21384,15956,31014,35273,46.259173080365144,-28.02227587682476,52.61171767794285,-2.390697250706985,-6.35254459757771,-1.7436310482668098,8.09617564584452
215,2020-10-16,59500,16554190,-0.008333333333333305,1400.0,1071.4285714285713,,,,,,,10784,31936,18503,19305,84588,62634,74.28144895718991,18.400295843238307,55.002414928649856,4.256222380376784,19.279034028540064,-18.574753018660807,-0.7042810098792536
216,2020-10-19,60000,14474985,0.008403361344537784,700.0,1021.4285714285713,-0.14285714285714285,0.025714285714285714,0.17085714285714285,0.8034285714285715,0.1819714285714286,7.0,20243,12600,5713,16377,32876,29855,55.88115311395158,-13.809919320015767,50.74619254827305,-0.6613617343638509,5.134960565678543,12.991229262986133,-18.12618982866467
217,2020-10-20,60900,19326115,0.014999999999999902,900.0,1014.2857142857144,,,,,,,15015,9186,9748,30515,56939,42001,69.69107243396735,6.0597529435813025,51.4075542826369,0.7299896739171317,18.283518151330444,7.134464272600424,-25.41798242393087
218,2020-10-21,60900,15703443,0.0,900.0,1042.857142857143,-0.0625,0.0,0.1060625,0.8939375,0.21251874999999998,16.0,11759,14824,5283,8288,29817,23747,63.63131949038605,-24.42571864220993,50.67756460871978,16.610087704769327,12.953754881666276,-6.540899293625557,-6.412855588040718
219,2020-10-22,60100,14294095,-0.013136288998357948,1100.0,1057.142857142857,-0.14285714285714285,0.15171428571428572,0.1142857142857143,0.734,-0.08168571428571428,7.0,15767,63281,6520,59757,164325,63574,88.05703813259598,14.780493368447909,34.06747690395044,-14.334963853862211,53.989561228645535,-25.46138511992798,-28.528176108717552
220,2020-10-23,60200,9322232,0.0016638935108153063,600.0,1042.857142857143,,,,,,,22778,47041,29864,54600,144346,95347,73.27654476414807,7.88505237247108,48.402440757812656,-9.739915316978347,24.87410400633541,-12.316993928564177,-12.557110077771235
221,2020-10-26,60400,13268226,0.0033222591362125358,1000.0,992.8571428571428,0.0,0.0,0.196,0.804,0.29600000000000004,1.0,17005,33255,48611,46105,123979,110235,65.39149239167699,12.724189722028404,58.142356074791,-2.7637917802628778,7.249136316885995,-8.57090113135895,1.3217648144729557
222,2020-10-27,59800,17260416,-0.009933774834437135,900.0,971.4285714285713,,,,,,,14657,12079,45873,37915,67352,77888,52.66730266964858,-15.372233057591169,60.90614785505388,16.14735206252577,-8.238845185405296,2.0159209271046747,6.222924258300622
223,2020-10-28,59000,14428882,-0.013377926421404672,1000.0,942.8571428571428,-1.0,0.0,0.135,0.865,0.28595,2.0,6483,12697,11140,17763,37517,24680,68.03953572723975,12.914430282645498,44.758795792528105,-33.911838469160465,23.280739934711644,-11.26949582879942,-12.011244105912226
224,2020-10-29,58100,22636966,-0.015254237288135575,1500.0,964.2857142857144,-0.058823529411764705,0.02088235294117647,0.0661764705882353,0.9129411764705883,0.10105882352941176,17.0,47551,14924,87570,49300,165985,236882,55.12510544459426,-1.4574361467474188,78.67063426168858,10.493087613285738,-23.545528817094308,10.835718982683838,12.709809834410471
225,2020-10-30,56600,26907844,-0.025817555938037917,1500.0,1021.4285714285713,0.0,0.0,0.34600000000000003,0.654,0.5719,1.0,52744,13609,56292,66308,142098,171217,56.582541591341666,-4.312216368487442,68.17754664840284,0.5030676661280609,-11.595005057061169,15.583314087300007,-3.988309030238837
